<?xml version="1.0" encoding="UTF-8"?>
<beans xmlns="http://www.springframework.org/schema/beans"
	xmlns:xsi="http://www.w3.org/2001/XMLSchema-instance"
	xmlns:context="http://www.springframework.org/schema/context"
	xsi:schemaLocation="http://www.springframework.org/schema/beans http://www.springframework.org/schema/beans/spring-beans.xsd
		http://www.springframework.org/schema/context http://www.springframework.org/schema/context/spring-context-4.3.xsd">


	
	<context:component-scan base-package="com.mkj.beans"></context:component-scan>
	<context:component-scan base-package="com.mkj.dao"></context:component-scan>
	
	<context:property-placeholder location="oracle.properties" />
	
	<bean id="dataSource"
	 class="org.springframework.jdbc.datasource.DriverManagerDataSource">
     <property name="driverClassName" value="oracle.jdbc.driver.OracleDriver"/>
	 <property name="url" value="${oracle.path}"/>
	 <property name="username" value="${oracle.user}"/>
	 <property name="password" value="${oracle.password}"/>
	</bean>
	
</beans>
